"Date","Price","Open","High","Low","Change %"
"May 31, 2018","3.025","3.019","3.047","2.984","0.00%"
"May 30, 2018","3.025","2.964","3.059","2.964","1.65%"
"May 29, 2018","2.976","3.069","3.078","2.954","-3.03%"
"May 28, 2018","3.069","3.090","3.090","3.065","-0.68%"
"May 25, 2018","3.090","3.125","3.143","3.080","-1.18%"
"May 24, 2018","3.127","3.161","3.174","3.115","-0.79%"
"May 23, 2018","3.152","3.201","3.211","3.148","-1.72%"
"May 22, 2018","3.207","3.198","3.220","3.189","0.19%"
"May 21, 2018","3.201","3.217","3.219","3.194","-0.45%"
"May 20, 2018","3.216","3.202","3.216","3.202","0.42%"
"May 18, 2018","3.202","3.251","3.264","3.198","-1.48%"
"May 17, 2018","3.250","3.216","3.256","3.212","0.84%"
"May 16, 2018","3.223","3.197","3.224","3.182","0.78%"
"May 15, 2018","3.198","3.133","3.225","3.127","2.11%"
"May 14, 2018","3.132","3.106","3.136","3.095","0.82%"
"May 13, 2018","3.106","3.102","3.107","3.102","0.15%"
"May 11, 2018","3.102","3.115","3.123","3.093","-0.23%"
"May 10, 2018","3.109","3.160","3.164","3.107","-1.71%"
"May 09, 2018","3.163","3.132","3.168","3.129","1.12%"
"May 08, 2018","3.128","3.121","3.149","3.113","0.16%"
"May 07, 2018","3.123","3.128","3.129","3.106","-0.18%"
"May 06, 2018","3.129","3.133","3.133","3.128","0.18%"
"May 04, 2018","3.123","3.125","3.139","3.089","0.00%"
"May 03, 2018","3.123","3.148","3.156","3.102","-0.89%"
"May 02, 2018","3.151","3.129","3.160","3.120","0.67%"
"May 01, 2018","3.130","3.125","3.147","3.111","0.19%"
"Apr 30, 2018","3.124","3.137","3.139","3.095","-0.10%"
"Apr 29, 2018","3.127","3.127","3.127","3.127","0.00%"
"Apr 27, 2018","3.127","3.168","3.169","3.123","-1.14%"
"Apr 26, 2018","3.163","3.208","3.217","3.161","-1.53%"
"Apr 25, 2018","3.212","3.175","3.219","3.172","0.91%"
"Apr 24, 2018","3.183","3.148","3.185","3.125","1.24%"
"Apr 23, 2018","3.144","3.152","3.180","3.139","-0.24%"
"Apr 22, 2018","3.152","3.147","3.153","3.147","0.15%"
"Apr 20, 2018","3.147","3.106","3.151","3.096","1.45%"
"Apr 19, 2018","3.102","3.058","3.127","3.048","1.34%"
"Apr 18, 2018","3.061","3.015","3.063","3.009","1.46%"
"Apr 17, 2018","3.017","3.027","3.044","2.997","-0.26%"
"Apr 16, 2018","3.025","3.043","3.072","3.025","-0.62%"
"Apr 15, 2018","3.044","3.027","3.046","3.027","0.56%"
"Apr 13, 2018","3.027","3.032","3.050","3.018","-0.62%"
"Apr 12, 2018","3.046","2.994","3.050","2.989","1.74%"
"Apr 11, 2018","2.994","3.024","3.027","2.970","-0.86%"
"Apr 10, 2018","3.020","3.017","3.042","3.006","0.20%"
"Apr 09, 2018","3.014","3.030","3.052","3.004","-0.56%"
"Apr 08, 2018","3.031","3.019","3.032","3.019","0.40%"
"Apr 06, 2018","3.019","3.060","3.074","3.014","-1.79%"
"Apr 05, 2018","3.074","3.042","3.078","3.037","1.02%"
"Apr 04, 2018","3.043","3.009","3.044","2.987","0.96%"
"Apr 03, 2018","3.014","2.973","3.025","2.967","1.58%"
"Apr 02, 2018","2.967","2.991","3.010","2.956","-0.81%"
"Apr 01, 2018","2.991","2.972","2.991","2.972","0.64%"
"Mar 29, 2018","2.972","3.022","3.029","2.968","-1.62%"
"Mar 28, 2018","3.021","3.035","3.048","2.999","-0.20%"
"Mar 27, 2018","3.027","3.088","3.093","3.021","-1.91%"
"Mar 26, 2018","3.086","3.070","3.101","3.052","0.45%"
"Mar 25, 2018","3.072","3.062","3.073","3.062","0.33%"
"Mar 23, 2018","3.062","3.046","3.101","3.040","0.13%"
"Mar 22, 2018","3.058","3.116","3.122","3.032","-1.70%"
"Mar 21, 2018","3.111","3.128","3.157","3.099","-0.67%"
"Mar 20, 2018","3.132","3.086","3.136","3.083","1.42%"
"Mar 19, 2018","3.088","3.088","3.111","3.067","0.00%"
"Mar 18, 2018","3.088","3.077","3.129","3.077","0.37%"
"Mar 16, 2018","3.077","3.058","3.089","3.035","0.62%"
"Mar 15, 2018","3.058","3.056","3.070","3.042","-0.03%"
"Mar 14, 2018","3.059","3.098","3.101","3.046","-1.29%"
"Mar 13, 2018","3.099","3.131","3.146","3.093","-0.93%"
"Mar 12, 2018","3.128","3.166","3.174","3.124","-1.21%"
"Mar 11, 2018","3.166","3.161","3.172","3.161","0.17%"
"Mar 09, 2018","3.161","3.134","3.178","3.128","1.22%"
"Mar 08, 2018","3.123","3.151","3.163","3.111","-0.86%"
"Mar 07, 2018","3.150","3.122","3.158","3.117","-0.10%"
"Mar 06, 2018","3.153","3.152","3.173","3.123","0.00%"
"Mar 05, 2018","3.153","3.131","3.172","3.096","0.76%"
"Mar 04, 2018","3.129","3.142","3.142","3.128","-0.41%"
"Mar 02, 2018","3.142","3.097","3.147","3.074","1.62%"
"Mar 01, 2018","3.092","3.129","3.146","3.079","-1.12%"
"Feb 28, 2018","3.127","3.163","3.172","3.124","-1.14%"
"Feb 27, 2018","3.163","3.155","3.199","3.133","0.22%"
"Feb 26, 2018","3.156","3.161","3.163","3.123","-0.17%"
"Feb 25, 2018","3.161","3.155","3.165","3.155","0.20%"
"Feb 23, 2018","3.155","3.210","3.225","3.151","-1.53%"
"Feb 22, 2018","3.204","3.217","3.220","3.180","-0.74%"
"Feb 21, 2018","3.228","3.157","3.233","3.140","2.31%"
"Feb 20, 2018","3.155","3.137","3.174","3.136","0.62%"
"Feb 19, 2018","3.136","3.134","3.142","3.133","0.16%"
"Feb 18, 2018","3.131","3.131","3.131","3.131","0.00%"
"Feb 16, 2018","3.131","3.164","3.164","3.103","-0.98%"
"Feb 15, 2018","3.162","3.162","3.189","3.120","-0.32%"
"Feb 14, 2018","3.172","3.115","3.184","3.092","1.76%"
"Feb 13, 2018","3.117","3.147","3.148","3.112","-0.86%"
"Feb 12, 2018","3.144","3.199","3.199","3.098","-0.67%"
"Feb 11, 2018","3.165","3.165","3.165","3.165","0.00%"
"Feb 09, 2018","3.165","3.128","3.172","3.110","1.12%"
"Feb 08, 2018","3.130","3.104","3.168","3.101","0.68%"
"Feb 07, 2018","3.109","3.065","3.133","3.028","1.37%"
"Feb 06, 2018","3.067","3.028","3.077","2.965","2.13%"
"Feb 05, 2018","3.003","3.095","3.136","2.976","-3.01%"
"Feb 04, 2018","3.096","3.098","3.100","3.094","0.29%"
"Feb 02, 2018","3.087","3.026","3.099","3.019","2.32%"
"Feb 01, 2018","3.017","2.947","3.032","2.938","2.58%"
"Jan 31, 2018","2.941","2.971","2.983","2.936","-1.14%"
"Jan 30, 2018","2.975","2.951","2.994","2.932","0.88%"
"Jan 29, 2018","2.949","2.910","2.971","2.905","1.40%"
"Jan 28, 2018","2.908","2.911","2.920","2.908","-0.10%"
"Jan 26, 2018","2.911","2.886","2.927","2.885","0.69%"
"Jan 25, 2018","2.891","2.931","2.940","2.878","-1.36%"
"Jan 24, 2018","2.931","2.892","2.956","2.891","1.17%"
"Jan 23, 2018","2.897","2.916","2.920","2.877","-0.69%"
"Jan 22, 2018","2.917","2.935","2.944","2.899","-0.60%"
"Jan 21, 2018","2.935","2.933","2.938","2.933","0.06%"
"Jan 19, 2018","2.933","2.904","2.936","2.891","1.10%"
"Jan 18, 2018","2.901","2.853","2.907","2.848","1.65%"
"Jan 17, 2018","2.854","2.825","2.858","2.808","0.81%"
"Jan 16, 2018","2.831","2.855","2.859","2.822","-0.85%"
"Jan 15, 2018","2.855","2.855","2.855","2.852","0.12%"
"Jan 12, 2018","2.852","2.875","2.903","2.848","-0.52%"
"Jan 11, 2018","2.867","2.897","2.915","2.856","-1.10%"
"Jan 10, 2018","2.899","2.895","2.946","2.884","0.21%"
"Jan 09, 2018","2.893","2.812","2.898","2.807","2.95%"
"Jan 08, 2018","2.810","2.807","2.827","2.790","0.07%"
"Jan 07, 2018","2.808","2.808","2.808","2.808","0.00%"
"Jan 05, 2018","2.808","2.787","2.820","2.778","0.83%"
"Jan 04, 2018","2.785","2.796","2.816","2.780","0.11%"
"Jan 03, 2018","2.782","2.815","2.825","2.779","-0.96%"
"Jan 02, 2018","2.809","2.744","2.827","2.744","2.55%"
"Jan 01, 2018","2.739","2.739","2.739","2.739","0.00%"
"Dec 29, 2017","2.739","2.758","2.779","2.738","-0.69%"
"Dec 28, 2017","2.758","2.758","2.780","2.751","0.36%"
"Dec 27, 2017","2.748","2.825","2.825","2.740","-2.62%"
"Dec 26, 2017","2.822","2.850","2.859","2.803","-0.98%"
"Dec 25, 2017","2.850","2.833","2.858","2.833","0.59%"
"Dec 22, 2017","2.833","2.842","2.848","2.832","-0.25%"
"Dec 21, 2017","2.840","2.874","2.882","2.829","-1.29%"
"Dec 20, 2017","2.877","2.814","2.884","2.804","2.24%"
"Dec 19, 2017","2.814","2.744","2.832","2.730","2.70%"
"Dec 18, 2017","2.740","2.699","2.752","2.692","1.56%"
"Dec 17, 2017","2.698","2.686","2.699","2.686","0.45%"
"Dec 16, 2017","2.686","2.686","2.686","2.686","0.00%"
"Dec 15, 2017","2.686","2.711","2.725","2.678","-0.74%"
"Dec 14, 2017","2.706","2.731","2.758","2.704","-0.88%"
"Dec 13, 2017","2.730","2.775","2.797","2.726","-1.62%"
"Dec 12, 2017","2.775","2.772","2.808","2.764","-0.07%"
"Dec 11, 2017","2.777","2.771","2.778","2.739","0.22%"
"Dec 10, 2017","2.771","2.767","2.772","2.767","0.14%"
"Dec 08, 2017","2.767","2.769","2.790","2.758","0.29%"
"Dec 07, 2017","2.759","2.730","2.776","2.700","1.17%"
"Dec 06, 2017","2.727","2.735","2.744","2.695","-0.18%"
"Dec 05, 2017","2.732","2.770","2.787","2.726","-1.09%"
"Dec 04, 2017","2.762","2.818","2.818","2.761","-1.97%"
"Dec 03, 2017","2.818","2.758","2.818","2.758","2.16%"
"Dec 01, 2017","2.758","2.828","2.833","2.716","-2.61%"
"Nov 30, 2017","2.832","2.820","2.869","2.817","0.28%"
"Nov 29, 2017","2.824","2.763","2.837","2.749","2.47%"
"Nov 28, 2017","2.756","2.768","2.782","2.745","-0.47%"
"Nov 27, 2017","2.769","2.762","2.778","2.738","0.24%"
"Nov 26, 2017","2.762","2.761","2.764","2.761","0.05%"
"Nov 24, 2017","2.761","2.741","2.779","2.741","0.71%"
"Nov 23, 2017","2.741","2.741","2.745","2.739","0.00%"
"Nov 22, 2017","2.741","2.755","2.789","2.739","-0.69%"
"Nov 21, 2017","2.760","2.779","2.781","2.739","-0.79%"
"Nov 20, 2017","2.782","2.775","2.801","2.760","0.29%"
"Nov 19, 2017","2.774","2.779","2.779","2.770","-0.18%"
"Nov 17, 2017","2.779","2.823","2.827","2.777","-1.59%"
"Nov 16, 2017","2.824","2.765","2.828","2.765","2.02%"
"Nov 15, 2017","2.768","2.828","2.830","2.763","-2.26%"
"Nov 14, 2017","2.832","2.869","2.877","2.825","-1.46%"
"Nov 13, 2017","2.874","2.881","2.881","2.843","-0.20%"
"Nov 12, 2017","2.880","2.881","2.881","2.880","-0.11%"
"Nov 10, 2017","2.883","2.815","2.890","2.812","2.45%"
"Nov 09, 2017","2.814","2.789","2.821","2.781","0.82%"
"Nov 08, 2017","2.791","2.769","2.793","2.766","0.43%"
"Nov 07, 2017","2.779","2.794","2.810","2.765","-0.64%"
"Nov 06, 2017","2.797","2.824","2.836","2.791","-0.98%"
"Nov 05, 2017","2.825","2.824","2.826","2.822","0.45%"
"Nov 03, 2017","2.812","2.824","2.839","2.809","-0.53%"
"Nov 02, 2017","2.827","2.855","2.866","2.822","-1.02%"
"Nov 01, 2017","2.856","2.879","2.899","2.836","-0.66%"
"Oct 31, 2017","2.875","2.877","2.894","2.870","-0.28%"
"Oct 30, 2017","2.883","2.919","2.929","2.878","-1.25%"
"Oct 29, 2017","2.920","2.925","2.925","2.917","-0.19%"
"Oct 27, 2017","2.925","2.967","2.980","2.918","-1.58%"
"Oct 26, 2017","2.972","2.942","2.974","2.917","0.92%"
"Oct 25, 2017","2.945","2.931","2.980","2.928","0.31%"
"Oct 24, 2017","2.936","2.885","2.942","2.882","1.73%"
"Oct 23, 2017","2.886","2.902","2.911","2.874","-0.54%"
"Oct 22, 2017","2.902","2.895","2.904","2.895","0.27%"
"Oct 20, 2017","2.894","2.838","2.913","2.833","2.01%"
"Oct 19, 2017","2.837","2.853","2.855","2.805","-0.49%"
"Oct 18, 2017","2.851","2.805","2.863","2.803","1.68%"
"Oct 17, 2017","2.804","2.818","2.842","2.801","-0.60%"
"Oct 16, 2017","2.821","2.817","2.832","2.806","0.15%"
"Oct 15, 2017","2.817","2.806","2.820","2.806","0.38%"
"Oct 13, 2017","2.806","2.851","2.862","2.805","-1.58%"
"Oct 12, 2017","2.851","2.883","2.885","2.847","-1.21%"
"Oct 11, 2017","2.886","2.890","2.899","2.863","-0.07%"
"Oct 10, 2017","2.888","2.898","2.908","2.852","-0.36%"
"Oct 09, 2017","2.898","2.896","2.900","2.896","0.08%"
"Oct 06, 2017","2.896","2.890","2.933","2.886","0.28%"
"Oct 05, 2017","2.888","2.873","2.901","2.859","0.80%"
"Oct 04, 2017","2.865","2.867","2.894","2.847","0.07%"
"Oct 03, 2017","2.863","2.871","2.902","2.861","-0.28%"
"Oct 02, 2017","2.871","2.865","2.891","2.842","0.27%"
"Oct 01, 2017","2.863","2.865","2.865","2.862","-0.09%"
"Sep 29, 2017","2.866","2.870","2.884","2.851","-0.10%"
"Sep 28, 2017","2.869","2.858","2.904","2.855","0.21%"
"Sep 27, 2017","2.863","2.775","2.870","2.773","3.21%"
"Sep 26, 2017","2.774","2.765","2.788","2.752","0.47%"
"Sep 25, 2017","2.761","2.792","2.796","2.752","-1.07%"
"Sep 24, 2017","2.791","2.785","2.792","2.785","0.22%"
"Sep 22, 2017","2.785","2.800","2.803","2.775","-0.71%"
"Sep 21, 2017","2.805","2.817","2.821","2.782","-0.21%"
"Sep 20, 2017","2.811","2.815","2.836","2.793","-0.14%"
"Sep 19, 2017","2.815","2.795","2.818","2.786","0.43%"
"Sep 18, 2017","2.803","2.777","2.814","2.772","1.22%"
"Sep 17, 2017","2.769","2.769","2.769","2.769","0.00%"
"Sep 15, 2017","2.769","2.761","2.784","2.758","0.04%"
"Sep 14, 2017","2.768","2.786","2.812","2.765","-0.79%"
"Sep 13, 2017","2.790","2.769","2.797","2.760","0.65%"
"Sep 12, 2017","2.772","2.741","2.788","2.737","0.87%"
"Sep 11, 2017","2.748","2.703","2.752","2.700","1.71%"
"Sep 10, 2017","2.702","2.702","2.703","2.700","1.15%"
"Sep 08, 2017","2.671","2.660","2.694","2.636","0.34%"
"Sep 07, 2017","2.662","2.718","2.718","2.651","-2.28%"
"Sep 06, 2017","2.724","2.677","2.730","2.674","1.60%"
"Sep 05, 2017","2.681","2.751","2.770","2.680","-3.37%"
"Sep 03, 2017","2.775","2.775","2.775","2.775","0.00%"
"Sep 01, 2017","2.775","2.731","2.782","2.716","1.76%"
"Aug 31, 2017","2.727","2.745","2.758","2.723","-0.47%"
"Aug 30, 2017","2.740","2.742","2.758","2.735","0.04%"
"Aug 29, 2017","2.739","2.728","2.752","2.687","-0.62%"
"Aug 28, 2017","2.756","2.755","2.775","2.747","0.08%"
"Aug 27, 2017","2.754","2.754","2.755","2.753","0.17%"
"Aug 25, 2017","2.749","2.768","2.776","2.743","-0.72%"
"Aug 24, 2017","2.769","2.751","2.774","2.747","0.80%"
"Aug 23, 2017","2.747","2.789","2.793","2.745","-1.51%"
"Aug 22, 2017","2.789","2.765","2.793","2.765","0.87%"
"Aug 21, 2017","2.765","2.789","2.789","2.758","-0.85%"
"Aug 20, 2017","2.789","2.789","2.790","2.788","0.35%"
"Aug 18, 2017","2.779","2.779","2.793","2.754","0.22%"
"Aug 17, 2017","2.773","2.810","2.828","2.772","-1.21%"
"Aug 16, 2017","2.807","2.847","2.866","2.803","-1.40%"
"Aug 15, 2017","2.847","2.813","2.871","2.812","1.21%"
"Aug 14, 2017","2.813","2.797","2.818","2.793","0.56%"
"Aug 13, 2017","2.797","2.793","2.798","2.793","0.37%"
"Aug 11, 2017","2.787","2.773","2.820","2.769","0.40%"
"Aug 10, 2017","2.776","2.828","2.832","2.774","-1.73%"
"Aug 09, 2017","2.825","2.840","2.841","2.790","-0.67%"
"Aug 08, 2017","2.844","2.835","2.874","2.831","0.25%"
"Aug 07, 2017","2.837","2.849","2.856","2.834","-0.42%"
"Aug 06, 2017","2.849","2.842","2.849","2.842","0.24%"
"Aug 04, 2017","2.842","2.797","2.864","2.794","1.72%"
"Aug 03, 2017","2.794","2.853","2.857","2.793","-2.10%"
"Aug 02, 2017","2.854","2.861","2.882","2.833","-0.04%"
"Aug 01, 2017","2.855","2.905","2.930","2.851","-1.59%"
"Jul 31, 2017","2.901","2.888","2.917","2.880","0.38%"
"Jul 30, 2017","2.890","2.895","2.895","2.890","-0.14%"
"Jul 28, 2017","2.894","2.912","2.941","2.890","-1.30%"
"Jul 27, 2017","2.932","2.891","2.944","2.878","1.24%"
"Jul 26, 2017","2.896","2.918","2.931","2.885","-0.58%"
"Jul 25, 2017","2.913","2.838","2.919","2.830","2.75%"
"Jul 24, 2017","2.835","2.803","2.837","2.802","1.10%"
"Jul 23, 2017","2.804","2.804","2.804","2.803","-0.17%"
"Jul 21, 2017","2.809","2.831","2.835","2.796","-0.53%"
"Jul 20, 2017","2.824","2.851","2.855","2.809","-0.95%"
"Jul 19, 2017","2.851","2.853","2.864","2.840","0.07%"
"Jul 18, 2017","2.849","2.902","2.902","2.846","-1.83%"
"Jul 17, 2017","2.902","2.920","2.923","2.881","-0.60%"
"Jul 16, 2017","2.920","2.920","2.920","2.920","0.00%"
"Jul 14, 2017","2.920","2.922","2.927","2.868","0.03%"
"Jul 13, 2017","2.919","2.888","2.938","2.866","1.14%"
"Jul 12, 2017","2.886","2.923","2.927","2.878","-1.27%"
"Jul 11, 2017","2.923","2.930","2.946","2.909","-0.07%"
"Jul 10, 2017","2.925","2.931","2.937","2.909","-0.16%"
"Jul 09, 2017","2.930","2.931","2.933","2.930","0.13%"
"Jul 07, 2017","2.926","2.904","2.943","2.902","0.83%"
"Jul 06, 2017","2.902","2.855","2.923","2.847","1.86%"
"Jul 05, 2017","2.849","2.857","2.870","2.845","-0.25%"
"Jul 04, 2017","2.856","2.858","2.858","2.855","-0.28%"
"Jul 03, 2017","2.864","2.849","2.873","2.823","0.52%"
"Jul 02, 2017","2.849","2.834","2.849","2.834","0.54%"
"Jul 01, 2017","2.834","2.834","2.834","2.834","0.00%"
"Jun 30, 2017","2.834","2.817","2.849","2.813","0.71%"
"Jun 29, 2017","2.814","2.779","2.842","2.771","1.26%"
"Jun 28, 2017","2.779","2.748","2.807","2.745","1.05%"
"Jun 27, 2017","2.750","2.701","2.765","2.687","2.00%"
"Jun 26, 2017","2.696","2.718","2.730","2.682","-0.77%"
"Jun 25, 2017","2.717","2.715","2.718","2.715","0.07%"
"Jun 23, 2017","2.715","2.718","2.739","2.710","-0.04%"
"Jun 22, 2017","2.716","2.727","2.739","2.713","-0.51%"
"Jun 21, 2017","2.730","2.742","2.754","2.721","-0.22%"
"Jun 20, 2017","2.736","2.790","2.792","2.733","-1.72%"
"Jun 19, 2017","2.784","2.780","2.793","2.762","0.10%"
"Jun 18, 2017","2.781","2.778","2.781","2.777","0.22%"
"Jun 16, 2017","2.775","2.791","2.799","2.773","-0.43%"
"Jun 15, 2017","2.787","2.770","2.799","2.766","0.65%"
"Jun 14, 2017","2.769","2.864","2.866","2.765","-3.35%"
"Jun 13, 2017","2.865","2.872","2.886","2.859","-0.14%"
"Jun 12, 2017","2.869","2.865","2.873","2.836","0.17%"
"Jun 11, 2017","2.864","2.866","2.866","2.862","0.28%"
"Jun 09, 2017","2.856","2.839","2.883","2.831","0.18%"
"Jun 08, 2017","2.851","2.845","2.866","2.834","0.39%"
"Jun 07, 2017","2.840","2.817","2.842","2.808","1.03%"
"Jun 06, 2017","2.811","2.837","2.837","2.793","-0.99%"
"Jun 05, 2017","2.839","2.811","2.845","2.805","1.03%"
"Jun 04, 2017","2.810","2.806","2.811","2.806","0.00%"
"Jun 02, 2017","2.810","2.866","2.872","2.799","-1.89%"
"Jun 01, 2017","2.864","2.868","2.893","2.863","-0.07%"
"May 31, 2017","2.866","2.884","2.898","2.856","-0.38%"
"May 30, 2017","2.877","2.905","2.912","2.876","-0.99%"
"May 29, 2017","2.906","2.905","2.906","2.904","-0.35%"
"May 26, 2017","2.916","2.920","2.921","2.896","-0.14%"
"May 25, 2017","2.920","2.924","2.942","2.915","-0.10%"
"May 24, 2017","2.923","2.944","2.952","2.917","-0.68%"
"May 23, 2017","2.943","2.897","2.953","2.889","1.06%"
"May 22, 2017","2.912","2.903","2.916","2.896","0.32%"
"May 21, 2017","2.903","2.897","2.903","2.897","0.20%"
"May 19, 2017","2.897","2.904","2.924","2.890","-0.10%"
"May 18, 2017","2.900","2.921","2.934","2.874","-0.21%"
"May 17, 2017","2.906","2.967","2.974","2.894","-2.87%"
"May 16, 2017","2.992","3.005","3.025","2.968","-0.43%"
"May 15, 2017","3.005","2.988","3.020","2.986","0.57%"
"May 14, 2017","2.988","2.986","2.989","2.986","0.07%"
"May 12, 2017","2.986","3.029","3.031","2.982","-1.45%"
"May 11, 2017","3.030","3.037","3.059","3.022","-0.20%"
"May 10, 2017","3.036","3.021","3.046","3.000","0.33%"
"May 09, 2017","3.026","3.024","3.047","3.017","0.07%"
"May 08, 2017","3.024","2.993","3.026","2.962","1.05%"
"May 07, 2017","2.993","2.990","2.993","2.990","0.09%"
"May 05, 2017","2.990","3.004","3.027","2.977","-0.27%"
"May 04, 2017","2.998","2.970","3.020","2.969","0.98%"
"May 03, 2017","2.969","2.976","2.990","2.939","-0.24%"
"May 02, 2017","2.976","3.006","3.020","2.970","-0.93%"
"May 01, 2017","3.004","2.951","3.021","2.949","1.83%"
"Apr 30, 2017","2.950","2.958","2.958","2.946","-0.27%"
"Apr 28, 2017","2.958","2.964","3.000","2.949","-0.40%"
"Apr 27, 2017","2.970","2.970","2.987","2.952","0.30%"
"Apr 26, 2017","2.961","2.986","3.003","2.958","-0.87%"
"Apr 25, 2017","2.987","2.923","2.997","2.923","2.08%"
"Apr 24, 2017","2.926","2.952","2.964","2.912","0.76%"
"Apr 22, 2017","2.904","2.904","2.904","2.904","0.00%"
"Apr 21, 2017","2.904","2.889","2.905","2.861","0.69%"
"Apr 20, 2017","2.884","2.866","2.908","2.851","0.35%"
"Apr 19, 2017","2.874","2.848","2.883","2.841","1.27%"
"Apr 18, 2017","2.838","2.912","2.915","2.824","-2.34%"
"Apr 17, 2017","2.906","2.871","2.918","2.867","1.26%"
"Apr 16, 2017","2.870","2.871","2.871","2.868","-0.63%"
"Apr 13, 2017","2.888","2.891","2.916","2.870","-0.07%"
"Apr 12, 2017","2.890","2.931","2.944","2.886","-1.37%"
"Apr 11, 2017","2.930","2.981","2.983","2.925","-2.01%"
"Apr 10, 2017","2.990","3.009","3.018","2.972","-0.59%"
"Apr 09, 2017","3.008","3.009","3.021","3.008","-0.04%"
"Apr 07, 2017","3.009","2.993","3.013","2.939","0.77%"
"Apr 06, 2017","2.986","2.983","3.020","2.981","-0.07%"
"Apr 05, 2017","2.988","2.997","3.027","2.974","-0.50%"
"Apr 04, 2017","3.003","2.961","3.003","2.956","1.66%"
"Apr 03, 2017","2.954","3.015","3.035","2.952","-2.00%"
"Apr 02, 2017","3.014","3.016","3.017","3.013","0.07%"
"Mar 31, 2017","3.012","3.027","3.048","3.010","-0.73%"
"Mar 30, 2017","3.034","2.993","3.037","2.978","1.57%"
"Mar 29, 2017","2.987","3.029","3.031","2.984","-1.29%"
"Mar 28, 2017","3.026","2.987","3.029","2.964","1.44%"
"Mar 27, 2017","2.983","2.985","2.993","2.960","-0.06%"
"Mar 26, 2017","2.985","3.017","3.017","2.982","-1.07%"
"Mar 24, 2017","3.017","3.030","3.047","2.998","-0.43%"
"Mar 23, 2017","3.030","3.019","3.045","3.001","0.43%"
"Mar 22, 2017","3.017","3.033","3.037","2.992","-0.53%"
"Mar 21, 2017","3.033","3.081","3.111","3.032","-1.43%"
"Mar 20, 2017","3.077","3.111","3.124","3.075","-1.05%"
"Mar 19, 2017","3.110","3.110","3.110","3.110","0.00%"
"Mar 18, 2017","3.110","3.110","3.110","3.110","0.00%"
"Mar 17, 2017","3.110","3.149","3.152","3.103","-1.18%"
"Mar 16, 2017","3.147","3.109","3.156","3.096","1.12%"
"Mar 15, 2017","3.112","3.173","3.177","3.094","-2.11%"
"Mar 14, 2017","3.179","3.203","3.215","3.165","-1.03%"
"Mar 13, 2017","3.212","3.165","3.213","3.144","1.47%"
"Mar 12, 2017","3.165","3.164","3.167","3.164","0.11%"
"Mar 10, 2017","3.162","3.195","3.200","3.161","-0.94%"
"Mar 09, 2017","3.192","3.151","3.195","3.146","1.30%"
"Mar 08, 2017","3.151","3.121","3.175","3.106","1.06%"
"Mar 07, 2017","3.118","3.100","3.123","3.091","0.58%"
"Mar 06, 2017","3.100","3.069","3.109","3.053","0.99%"
"Mar 05, 2017","3.070","3.071","3.074","3.070","-0.17%"
"Mar 03, 2017","3.075","3.075","3.106","3.063","0.00%"
"Mar 02, 2017","3.075","3.070","3.101","3.055","0.42%"
"Mar 01, 2017","3.062","3.007","3.083","2.998","2.13%"
"Feb 28, 2017","2.998","2.986","2.999","2.949","0.47%"
"Feb 27, 2017","2.984","2.961","2.990","2.953","0.79%"
"Feb 26, 2017","2.961","2.953","2.961","2.953","0.25%"
"Feb 24, 2017","2.953","3.015","3.023","2.948","-2.06%"
"Feb 23, 2017","3.015","3.036","3.042","3.012","-0.63%"
"Feb 22, 2017","3.034","3.049","3.064","2.999","-0.23%"
"Feb 21, 2017","3.041","3.042","3.065","3.017","-0.04%"
"Feb 20, 2017","3.042","3.041","3.043","3.041","0.54%"
"Feb 17, 2017","3.026","3.058","3.066","3.003","-0.72%"
"Feb 16, 2017","3.048","3.081","3.086","3.030","-1.04%"
"Feb 15, 2017","3.080","3.067","3.109","3.062","0.69%"
"Feb 14, 2017","3.059","3.031","3.096","3.025","0.92%"
"Feb 13, 2017","3.031","3.021","3.049","3.010","0.34%"
"Feb 12, 2017","3.021","3.006","3.023","3.006","0.49%"
"Feb 10, 2017","3.006","3.016","3.046","3.001","-0.10%"
"Feb 09, 2017","3.009","2.953","3.022","2.948","2.07%"
"Feb 08, 2017","2.948","3.018","3.024","2.945","-2.45%"
"Feb 07, 2017","3.022","3.051","3.085","3.004","-1.18%"
"Feb 06, 2017","3.058","3.094","3.097","3.045","-1.20%"
"Feb 05, 2017","3.095","3.093","3.114","3.093","0.04%"
"Feb 03, 2017","3.094","3.094","3.127","3.060","0.23%"
"Feb 02, 2017","3.087","3.083","3.095","3.040","0.10%"
"Feb 01, 2017","3.084","3.065","3.109","3.063","0.46%"
"Jan 31, 2017","3.070","3.079","3.098","3.034","-0.26%"
"Jan 30, 2017","3.078","3.060","3.095","3.049","0.63%"
"Jan 29, 2017","3.059","3.061","3.061","3.056","-0.07%"
"Jan 27, 2017","3.061","3.088","3.107","3.057","-0.91%"
"Jan 26, 2017","3.089","3.098","3.131","3.083","-0.39%"
"Jan 25, 2017","3.101","3.042","3.118","3.034","1.67%"
"Jan 24, 2017","3.050","2.996","3.059","2.979","2.04%"
"Jan 23, 2017","2.989","3.028","3.054","2.966","-1.25%"
"Jan 22, 2017","3.027","3.033","3.033","3.024","-0.73%"
"Jan 20, 2017","3.049","3.042","3.086","3.028","0.13%"
"Jan 19, 2017","3.045","3.009","3.070","2.991","0.83%"
"Jan 18, 2017","3.020","2.938","3.015","2.932","3.11%"
"Jan 17, 2017","2.929","2.973","2.973","2.908","-1.52%"
"Jan 16, 2017","2.974","2.990","2.990","2.973","-0.53%"
"Jan 13, 2017","2.990","2.960","3.020","2.937","0.95%"
"Jan 12, 2017","2.962","2.946","2.964","2.902","0.34%"
"Jan 11, 2017","2.952","2.973","2.984","2.926","-0.54%"
"Jan 10, 2017","2.968","2.964","2.988","2.955","0.17%"
"Jan 09, 2017","2.963","3.023","3.023","2.954","-1.50%"
"Jan 08, 2017","3.008","3.008","3.008","3.008","0.00%"
"Jan 06, 2017","3.008","2.946","3.010","2.936","2.17%"
"Jan 05, 2017","2.944","3.038","3.054","2.939","-3.19%"
"Jan 04, 2017","3.041","3.051","3.072","3.028","-0.33%"
"Jan 03, 2017","3.051","3.054","3.131","3.035","-0.38%"
"Jan 02, 2017","3.063","3.063","3.063","3.063","0.00%"
"Dec 30, 2016","3.063","3.086","3.096","3.049","-0.52%"
"Dec 29, 2016","3.079","3.097","3.100","3.059","-0.48%"
"Dec 28, 2016","3.094","3.135","3.137","3.078","-1.31%"
"Dec 27, 2016","3.135","3.130","3.154","3.118","0.60%"
"Dec 26, 2016","3.116","3.116","3.116","3.116","0.00%"
"Dec 23, 2016","3.116","3.130","3.140","3.103","-0.35%"
"Dec 22, 2016","3.127","3.110","3.147","3.102","0.48%"
"Dec 21, 2016","3.112","3.149","3.165","3.108","-0.89%"
"Dec 20, 2016","3.140","3.119","3.167","3.119","0.48%"
"Dec 19, 2016","3.125","3.171","3.186","3.110","-1.39%"
"Dec 18, 2016","3.169","3.173","3.173","3.168","-0.41%"
"Dec 16, 2016","3.182","3.160","3.198","3.105","0.54%"
"Dec 15, 2016","3.165","3.179","3.208","3.123","-0.44%"
"Dec 14, 2016","3.179","3.134","3.198","3.086","1.50%"
"Dec 13, 2016","3.132","3.148","3.173","3.116","-0.73%"
"Dec 12, 2016","3.155","3.168","3.215","3.154","-0.39%"
"Dec 11, 2016","3.167","3.175","3.175","3.165","0.39%"
"Dec 09, 2016","3.155","3.108","3.171","3.098","1.64%"
"Dec 08, 2016","3.104","3.033","3.122","3.022","2.58%"
"Dec 07, 2016","3.026","3.082","3.086","3.016","-1.69%"
"Dec 06, 2016","3.078","3.068","3.089","3.046","0.23%"
"Dec 05, 2016","3.071","3.046","3.119","3.008","0.77%"
"Dec 04, 2016","3.048","3.071","3.071","3.039","-0.76%"
"Dec 02, 2016","3.071","3.096","3.104","3.036","-1.29%"
"Dec 01, 2016","3.111","3.048","3.156","3.035","2.20%"
"Nov 30, 2016","3.044","2.950","3.087","2.943","3.29%"
"Nov 29, 2016","2.947","2.976","3.000","2.941","-0.94%"
"Nov 28, 2016","2.975","2.998","3.009","2.972","-0.77%"
"Nov 27, 2016","2.998","3.008","3.008","2.991","-0.33%"
"Nov 25, 2016","3.008","3.046","3.066","2.994","-1.27%"
"Nov 24, 2016","3.047","3.056","3.059","3.047","0.75%"
"Nov 23, 2016","3.024","3.000","3.091","2.986","0.83%"
"Nov 22, 2016","2.999","2.980","3.013","2.958","0.30%"
"Nov 21, 2016","2.990","3.025","3.031","2.986","-1.20%"
"Nov 20, 2016","3.026","3.026","3.033","3.025","0.00%"
"Nov 18, 2016","3.026","3.033","3.051","2.965","0.67%"
"Nov 17, 2016","3.006","2.916","3.013","2.908","3.12%"
"Nov 16, 2016","2.915","2.956","3.014","2.911","-1.72%"
"Nov 15, 2016","2.966","2.997","3.012","2.923","-1.17%"
"Nov 14, 2016","3.001","2.974","3.067","2.941","1.05%"
"Nov 13, 2016","2.970","2.914","3.080","2.914","0.85%"
"Nov 10, 2016","2.945","2.851","2.958","2.796","3.08%"
"Nov 09, 2016","2.857","2.622","2.890","2.522","9.17%"
"Nov 08, 2016","2.617","2.596","2.640","2.573","0.62%"
"Nov 07, 2016","2.601","2.601","2.609","2.582","0.08%"
"Nov 06, 2016","2.599","2.601","2.613","2.599","1.44%"
"Nov 04, 2016","2.562","2.600","2.607","2.556","-1.35%"
"Nov 03, 2016","2.597","2.570","2.611","2.552","1.25%"
"Nov 02, 2016","2.565","2.578","2.585","2.531","-0.47%"
"Nov 01, 2016","2.577","2.592","2.631","2.563","-0.12%"
"Oct 31, 2016","2.580","2.615","2.627","2.578","-1.35%"
"Oct 30, 2016","2.615","2.613","2.615","2.613","-0.02%"
"Oct 28, 2016","2.616","2.612","2.639","2.598","0.19%"
"Oct 27, 2016","2.611","2.542","2.631","2.536","2.80%"
"Oct 26, 2016","2.540","2.499","2.546","2.479","1.56%"
"Oct 25, 2016","2.501","2.515","2.541","2.484","-0.71%"
"Oct 24, 2016","2.519","2.495","2.533","2.470","0.98%"
"Oct 23, 2016","2.495","2.486","2.495","2.486","0.35%"
"Oct 21, 2016","2.486","2.510","2.510","2.475","-0.76%"
"Oct 20, 2016","2.505","2.516","2.533","2.474","-0.12%"
"Oct 19, 2016","2.508","2.509","2.533","2.491","0.12%"
"Oct 18, 2016","2.505","2.531","2.554","2.504","-0.79%"
"Oct 17, 2016","2.525","2.548","2.586","2.512","-0.94%"
"Oct 16, 2016","2.549","2.563","2.563","2.549","-0.55%"
"Oct 15, 2016","2.563","2.563","2.563","2.563","0.00%"
"Oct 14, 2016","2.563","2.485","2.565","2.484","3.31%"
"Oct 13, 2016","2.481","2.494","2.498","2.455","-0.68%"
"Oct 12, 2016","2.498","2.504","2.532","2.498","-0.24%"
"Oct 11, 2016","2.504","2.497","2.516","2.478","0.26%"
"Oct 10, 2016","2.497","2.455","2.497","2.455","1.73%"
"Oct 07, 2016","2.455","2.447","2.494","2.439","-0.04%"
"Oct 06, 2016","2.456","2.428","2.469","2.409","1.28%"
"Oct 05, 2016","2.425","2.410","2.451","2.387","0.46%"
"Oct 04, 2016","2.414","2.348","2.415","2.325","2.94%"
"Oct 03, 2016","2.345","2.318","2.346","2.305","1.09%"
"Oct 02, 2016","2.320","2.318","2.326","2.318","0.08%"
"Sep 30, 2016","2.318","2.277","2.349","2.261","1.80%"
"Sep 29, 2016","2.277","2.308","2.328","2.263","-0.52%"
"Sep 28, 2016","2.289","2.277","2.301","2.260","0.39%"
"Sep 27, 2016","2.280","2.329","2.340","2.272","-1.72%"
"Sep 26, 2016","2.320","2.342","2.349","2.308","-0.94%"
"Sep 25, 2016","2.342","2.345","2.345","2.340","-0.13%"
"Sep 24, 2016","2.345","2.345","2.345","2.345","0.00%"
"Sep 23, 2016","2.345","2.342","2.354","2.322","0.34%"
"Sep 22, 2016","2.337","2.370","2.373","2.329","-1.72%"
"Sep 21, 2016","2.378","2.429","2.494","2.374","-2.34%"
"Sep 20, 2016","2.435","2.452","2.453","2.399","-0.73%"
"Sep 19, 2016","2.453","2.438","2.458","2.425","0.32%"
"Sep 18, 2016","2.445","2.445","2.445","2.445","0.00%"
"Sep 17, 2016","2.445","2.445","2.445","2.445","0.00%"
"Sep 16, 2016","2.445","2.463","2.468","2.425","-1.01%"
"Sep 15, 2016","2.470","2.450","2.500","2.435","0.86%"
"Sep 14, 2016","2.449","2.462","2.482","2.428","-0.57%"
"Sep 13, 2016","2.463","2.383","2.488","2.361","2.97%"
"Sep 12, 2016","2.392","2.392","2.414","2.365","0.08%"
"Sep 11, 2016","2.390","2.392","2.393","2.389","-0.12%"
"Sep 09, 2016","2.393","2.305","2.400","2.293","3.73%"
"Sep 08, 2016","2.307","2.237","2.328","2.218","3.27%"
"Sep 07, 2016","2.234","2.228","2.243","2.206","0.27%"
"Sep 06, 2016","2.228","2.288","2.296","2.222","-2.61%"
"Sep 05, 2016","2.288","2.289","2.289","2.286","0.25%"
"Sep 02, 2016","2.282","2.232","2.290","2.216","2.24%"
"Sep 01, 2016","2.232","2.233","2.272","2.214","0.04%"
"Aug 31, 2016","2.231","2.233","2.254","2.221","-0.04%"
"Aug 30, 2016","2.232","2.221","2.240","2.213","0.72%"
"Aug 29, 2016","2.216","2.286","2.286","2.210","-3.13%"
"Aug 28, 2016","2.288","2.287","2.293","2.285","0.03%"
"Aug 26, 2016","2.287","2.263","2.296","2.209","0.88%"
"Aug 25, 2016","2.267","2.251","2.271","2.233","0.67%"
"Aug 24, 2016","2.252","2.237","2.257","2.225","1.03%"
"Aug 23, 2016","2.229","2.244","2.264","2.213","-0.45%"
"Aug 22, 2016","2.239","2.298","2.298","2.229","-2.62%"
"Aug 21, 2016","2.299","2.297","2.300","2.296","0.53%"
"Aug 19, 2016","2.287","2.270","2.308","2.257","1.28%"
"Aug 18, 2016","2.258","2.249","2.283","2.246","-0.04%"
"Aug 17, 2016","2.259","2.288","2.304","2.255","-1.57%"
"Aug 16, 2016","2.295","2.281","2.304","2.248","0.57%"
"Aug 15, 2016","2.282","2.233","2.285","2.220","2.14%"
"Aug 14, 2016","2.234","2.230","2.235","2.230","0.19%"
"Aug 13, 2016","2.230","2.230","2.230","2.230","0.00%"
"Aug 12, 2016","2.230","2.276","2.280","2.204","-1.98%"
"Aug 11, 2016","2.275","2.232","2.291","2.232","1.93%"
"Aug 10, 2016","2.232","2.260","2.262","2.218","-1.41%"
"Aug 09, 2016","2.264","2.307","2.314","2.246","-1.82%"
"Aug 08, 2016","2.306","2.325","2.340","2.292","-0.80%"
"Aug 07, 2016","2.325","2.317","2.325","2.317","0.34%"
"Aug 06, 2016","2.317","2.317","2.317","2.317","0.00%"
"Aug 05, 2016","2.317","2.256","2.321","2.233","2.84%"
"Aug 04, 2016","2.253","2.297","2.310","2.233","-1.96%"
"Aug 03, 2016","2.298","2.307","2.317","2.274","-0.35%"
"Aug 02, 2016","2.306","2.263","2.332","2.254","1.86%"
"Aug 01, 2016","2.264","2.190","2.272","2.188","3.40%"
"Jul 31, 2016","2.190","2.177","2.190","2.177","0.62%"
"Jul 29, 2016","2.176","2.231","2.291","2.177","-2.60%"
"Jul 28, 2016","2.234","2.216","2.256","2.212","0.81%"
"Jul 27, 2016","2.216","2.282","2.312","2.211","-3.02%"
"Jul 26, 2016","2.285","2.288","2.301","2.248","-0.26%"
"Jul 25, 2016","2.291","2.288","2.306","2.269","0.14%"
"Jul 24, 2016","2.288","2.291","2.292","2.288","0.17%"
"Jul 22, 2016","2.284","2.284","2.330","2.267","-0.26%"
"Jul 21, 2016","2.290","2.296","2.360","2.287","-0.30%"
"Jul 20, 2016","2.297","2.274","2.316","2.263","1.10%"
"Jul 19, 2016","2.272","2.287","2.296","2.259","-0.96%"
"Jul 18, 2016","2.294","2.282","2.323","2.268","1.26%"
"Jul 17, 2016","2.266","2.266","2.266","2.266","0.00%"
"Jul 15, 2016","2.265","2.233","2.310","2.229","0.49%"
"Jul 14, 2016","2.254","2.169","2.270","2.163","3.82%"
"Jul 13, 2016","2.171","2.226","2.226","2.169","-2.51%"
"Jul 12, 2016","2.227","2.135","2.252","2.129","4.02%"
"Jul 11, 2016","2.141","2.104","2.151","2.089","1.87%"
"Jul 10, 2016","2.102","2.102","2.104","2.101","0.17%"
"Jul 08, 2016","2.098","2.132","2.175","2.094","-1.73%"
"Jul 07, 2016","2.135","2.139","2.176","2.116","-0.28%"
"Jul 06, 2016","2.141","2.150","2.161","2.098","-0.65%"
"Jul 05, 2016","2.155","2.217","2.218","2.131","-2.83%"
"Jul 04, 2016","2.218","2.218","2.220","2.216","-1.04%"
"Jul 01, 2016","2.241","2.285","2.285","2.189","-2.10%"
"Jun 30, 2016","2.289","2.319","2.358","2.254","-1.34%"
"Jun 29, 2016","2.320","2.271","2.322","2.247","2.11%"
"Jun 28, 2016","2.272","2.270","2.298","2.253","-0.09%"
"Jun 27, 2016","2.274","2.369","2.392","2.264","-3.97%"
"Jun 26, 2016","2.368","2.412","2.412","2.365","-1.82%"
"Jun 24, 2016","2.412","2.507","2.522","2.280","-5.60%"
"Jun 23, 2016","2.555","2.515","2.563","2.505","2.16%"
"Jun 22, 2016","2.501","2.506","2.519","2.489","-0.48%"
"Jun 21, 2016","2.513","2.484","2.516","2.465","1.05%"
"Jun 20, 2016","2.487","2.462","2.498","2.451","0.98%"
"Jun 19, 2016","2.463","2.461","2.464","2.459","1.73%"
"Jun 17, 2016","2.421","2.405","2.437","2.397","1.04%"
"Jun 16, 2016","2.396","2.407","2.407","2.345","-0.58%"
"Jun 15, 2016","2.410","2.426","2.445","2.396","-0.54%"
"Jun 14, 2016","2.423","2.426","2.436","2.386","-0.12%"
"Jun 13, 2016","2.426","2.439","2.455","2.425","-0.52%"
"Jun 12, 2016","2.439","2.441","2.442","2.439","-0.67%"
"Jun 10, 2016","2.455","2.483","2.485","2.429","-0.93%"
"Jun 09, 2016","2.478","2.512","2.518","2.460","-1.27%"
"Jun 08, 2016","2.510","2.541","2.541","2.505","-1.14%"
"Jun 07, 2016","2.539","2.556","2.563","2.523","-0.74%"
"Jun 06, 2016","2.558","2.511","2.562","2.510","1.84%"
"Jun 05, 2016","2.512","2.507","2.513","2.506","-0.04%"
"Jun 03, 2016","2.513","2.586","2.590","2.508","-2.52%"
"Jun 02, 2016","2.578","2.616","2.619","2.571","-1.53%"
"Jun 01, 2016","2.618","2.647","2.658","2.587","-1.24%"
"May 31, 2016","2.651","2.649","2.688","2.627","0.06%"
"May 30, 2016","2.649","2.658","2.658","2.649","-0.02%"
"May 27, 2016","2.650","2.642","2.654","2.628","0.34%"
"May 26, 2016","2.641","2.656","2.669","2.623","-1.01%"
"May 25, 2016","2.668","2.644","2.671","2.632","0.83%"
"May 24, 2016","2.646","2.631","2.674","2.615","0.80%"
"May 23, 2016","2.625","2.629","2.645","2.606","-0.14%"
"May 22, 2016","2.629","2.632","2.633","2.628","-0.09%"
"May 20, 2016","2.631","2.642","2.664","2.626","-0.23%"
"May 19, 2016","2.637","2.653","2.681","2.627","-1.05%"
"May 18, 2016","2.665","2.599","2.688","2.589","2.50%"
"May 17, 2016","2.600","2.596","2.609","2.566","0.08%"
"May 16, 2016","2.598","2.552","2.602","2.552","1.85%"
"May 15, 2016","2.551","2.549","2.552","2.546","0.07%"
"May 13, 2016","2.549","2.594","2.596","2.546","-1.73%"
"May 12, 2016","2.594","2.578","2.623","2.573","0.66%"
"May 11, 2016","2.577","2.613","2.617","2.563","-1.11%"
"May 10, 2016","2.606","2.612","2.631","2.600","-0.19%"
"May 09, 2016","2.611","2.640","2.644","2.601","-1.15%"
"May 08, 2016","2.641","2.640","2.641","2.635","0.51%"
"May 06, 2016","2.628","2.611","2.634","2.568","1.15%"
"May 05, 2016","2.598","2.649","2.662","2.595","-1.33%"
"May 04, 2016","2.633","2.670","2.677","2.629","-0.83%"
"May 03, 2016","2.655","2.714","2.715","2.639","-2.53%"
"May 02, 2016","2.724","2.677","2.728","2.659","1.87%"
"May 01, 2016","2.674","2.680","2.680","2.673","-0.22%"
"Apr 29, 2016","2.680","2.697","2.733","2.658","-0.07%"
"Apr 28, 2016","2.682","2.704","2.725","2.663","-0.70%"
"Apr 27, 2016","2.701","2.749","2.752","2.693","-1.92%"
"Apr 26, 2016","2.754","2.732","2.764","2.713","0.62%"
"Apr 25, 2016","2.737","2.709","2.737","2.688","1.02%"
"Apr 24, 2016","2.709","2.711","2.711","2.709","-0.02%"
"Apr 22, 2016","2.710","2.692","2.714","2.672","0.93%"
"Apr 21, 2016","2.685","2.649","2.709","2.646","1.13%"
"Apr 20, 2016","2.655","2.588","2.666","2.560","2.27%"
"Apr 19, 2016","2.596","2.591","2.624","2.581","0.58%"
"Apr 18, 2016","2.581","2.539","2.607","2.534","1.66%"
"Apr 17, 2016","2.539","2.561","2.561","2.535","-0.86%"
"Apr 15, 2016","2.561","2.594","2.606","2.548","-1.61%"
"Apr 14, 2016","2.603","2.590","2.627","2.570","0.74%"
"Apr 13, 2016","2.584","2.601","2.617","2.572","-0.54%"
"Apr 12, 2016","2.598","2.562","2.614","2.560","1.64%"
"Apr 11, 2016","2.556","2.565","2.589","2.531","-0.37%"
"Apr 10, 2016","2.565","2.570","2.570","2.565","0.60%"
"Apr 08, 2016","2.550","2.525","2.568","2.525","1.47%"
"Apr 07, 2016","2.513","2.587","2.595","2.511","-2.82%"
"Apr 06, 2016","2.586","2.557","2.603","2.550","1.69%"
"Apr 05, 2016","2.543","2.598","2.598","2.537","-2.04%"
"Apr 04, 2016","2.596","2.596","2.622","2.584","0.00%"
"Apr 03, 2016","2.596","2.601","2.601","2.594","-0.20%"
"Apr 01, 2016","2.601","2.623","2.640","2.584","-0.42%"
"Mar 31, 2016","2.612","2.645","2.660","2.608","-1.66%"
"Mar 30, 2016","2.656","2.604","2.685","2.601","2.15%"
"Mar 29, 2016","2.600","2.654","2.668","2.597","-1.92%"
"Mar 28, 2016","2.651","2.679","2.686","2.635","-1.06%"
"Mar 27, 2016","2.679","2.674","2.679","2.674","0.27%"
"Mar 24, 2016","2.672","2.661","2.675","2.613","0.56%"
"Mar 23, 2016","2.657","2.729","2.735","2.647","-2.42%"
"Mar 22, 2016","2.723","2.721","2.730","2.681","0.18%"
"Mar 21, 2016","2.718","2.696","2.737","2.669","1.42%"
"Mar 20, 2016","2.680","2.680","2.680","2.680","0.00%"
"Mar 18, 2016","2.680","2.692","2.699","2.647","-0.30%"
"Mar 17, 2016","2.688","2.710","2.726","2.657","-0.85%"
"Mar 16, 2016","2.711","2.727","2.751","2.703","-0.70%"
"Mar 15, 2016","2.730","2.732","2.744","2.689","-0.07%"
"Mar 14, 2016","2.732","2.749","2.759","2.707","-0.63%"
"Mar 13, 2016","2.749","2.744","2.749","2.744","0.05%"
"Mar 11, 2016","2.748","2.697","2.757","2.679","1.82%"
"Mar 10, 2016","2.699","2.661","2.729","2.643","1.24%"
"Mar 09, 2016","2.666","2.638","2.698","2.632","1.18%"
"Mar 08, 2016","2.635","2.710","2.711","2.598","-2.66%"
"Mar 07, 2016","2.707","2.699","2.729","2.694","0.34%"
"Mar 06, 2016","2.698","2.702","2.702","2.697","0.07%"
"Mar 04, 2016","2.696","2.653","2.733","2.637","1.43%"
"Mar 03, 2016","2.658","2.683","2.702","2.642","-0.75%"
"Mar 02, 2016","2.678","2.688","2.725","2.676","-0.63%"
"Mar 01, 2016","2.695","2.622","2.709","2.586","3.02%"
"Feb 29, 2016","2.616","2.630","2.638","2.602","-0.54%"
"Feb 28, 2016","2.630","2.631","2.632","2.629","-0.37%"
"Feb 26, 2016","2.640","2.599","2.655","2.590","1.69%"
"Feb 25, 2016","2.596","2.612","2.619","2.550","-0.50%"
"Feb 24, 2016","2.609","2.575","2.617","2.513","1.56%"
"Feb 23, 2016","2.569","2.606","2.671","2.566","-1.42%"
"Feb 22, 2016","2.606","2.612","2.636","2.604","-0.19%"
"Feb 21, 2016","2.611","2.606","2.617","2.606","0.19%"
"Feb 19, 2016","2.606","2.610","2.646","2.580","-0.23%"
"Feb 18, 2016","2.612","2.683","2.695","2.606","-2.61%"
"Feb 17, 2016","2.682","2.644","2.713","2.606","1.25%"
"Feb 16, 2016","2.649","2.626","2.669","2.605","0.81%"
"Feb 15, 2016","2.628","2.602","2.632","2.602","0.97%"
"Feb 14, 2016","2.602","2.602","2.602","2.602","0.00%"
"Feb 12, 2016","2.603","2.519","2.616","2.505","3.71%"
"Feb 11, 2016","2.510","2.493","2.512","2.380","0.72%"
"Feb 10, 2016","2.492","2.558","2.596","2.487","-2.39%"
"Feb 09, 2016","2.553","2.571","2.602","2.514","-0.89%"
"Feb 08, 2016","2.576","2.684","2.701","2.556","-4.07%"
"Feb 07, 2016","2.685","2.684","2.687","2.683","0.46%"
"Feb 05, 2016","2.673","2.683","2.729","2.666","-0.22%"
"Feb 04, 2016","2.679","2.708","2.738","2.676","-1.14%"
"Feb 03, 2016","2.710","2.661","2.715","2.623","1.84%"
"Feb 02, 2016","2.661","2.757","2.763","2.657","-3.73%"
"Feb 01, 2016","2.764","2.757","2.781","2.733","0.30%"
"Jan 31, 2016","2.756","2.761","2.761","2.753","0.32%"
"Jan 29, 2016","2.747","2.791","2.798","2.721","-1.47%"
"Jan 28, 2016","2.788","2.796","2.830","2.767","-0.46%"
"Jan 27, 2016","2.801","2.780","2.837","2.771","0.47%"
"Jan 26, 2016","2.788","2.787","2.809","2.749","-0.07%"
"Jan 25, 2016","2.790","2.825","2.828","2.784","-1.31%"
"Jan 24, 2016","2.827","2.828","2.848","2.825","-0.04%"
"Jan 22, 2016","2.828","2.810","2.861","2.792","0.68%"
"Jan 21, 2016","2.809","2.766","2.815","2.734","1.85%"
"Jan 20, 2016","2.758","2.825","2.825","2.711","-2.51%"
"Jan 19, 2016","2.829","2.827","2.862","2.790","0.05%"
"Jan 18, 2016","2.828","2.825","2.829","2.825","0.34%"
"Jan 15, 2016","2.818","2.895","2.896","2.798","-2.49%"
"Jan 14, 2016","2.890","2.868","2.913","2.835","0.42%"
"Jan 13, 2016","2.878","2.901","2.920","2.817","-0.10%"
"Jan 12, 2016","2.881","2.970","2.990","2.865","-2.96%"
"Jan 11, 2016","2.969","2.926","2.974","2.925","2.08%"
"Jan 10, 2016","2.909","2.909","2.909","2.909","0.00%"
"Jan 08, 2016","2.909","2.931","2.981","2.902","-0.68%"
"Jan 07, 2016","2.929","2.945","2.972","2.885","-0.27%"
"Jan 06, 2016","2.937","2.995","3.007","2.934","-2.07%"
"Jan 05, 2016","2.999","2.984","3.022","2.970","0.44%"
"Jan 04, 2016","2.986","3.037","3.038","2.939","-1.70%"
"Jan 03, 2016","3.037","3.037","3.038","3.036","0.75%"
"Dec 31, 2015","3.015","3.045","3.050","3.009","-0.76%"
"Dec 30, 2015","3.038","3.035","3.062","3.017","0.00%"
"Dec 29, 2015","3.038","2.944","3.048","2.931","3.12%"
"Dec 28, 2015","2.946","2.969","2.978","2.925","-0.98%"
"Dec 27, 2015","2.975","2.964","2.978","2.964","0.38%"
"Dec 24, 2015","2.964","2.992","2.993","2.960","-0.87%"
"Dec 23, 2015","2.990","2.959","3.015","2.954","1.15%"
"Dec 22, 2015","2.956","2.913","2.968","2.904","1.44%"
"Dec 21, 2015","2.914","2.924","3.051","2.889","-0.32%"
"Dec 20, 2015","2.924","2.925","2.926","2.923","0.12%"
"Dec 18, 2015","2.920","2.932","2.938","2.897","-0.31%"
"Dec 17, 2015","2.929","2.993","2.994","2.928","-2.56%"
"Dec 16, 2015","3.006","2.990","3.036","2.960","0.47%"
"Dec 15, 2015","2.992","2.952","3.019","2.936","1.22%"
"Dec 14, 2015","2.956","2.889","2.974","2.876","2.50%"
"Dec 13, 2015","2.884","2.876","2.892","2.876","0.28%"
"Dec 11, 2015","2.876","2.970","2.971","2.866","-3.20%"
"Dec 10, 2015","2.971","2.970","2.983","2.955","0.24%"
"Dec 09, 2015","2.964","2.961","3.021","2.947","0.20%"
"Dec 08, 2015","2.958","2.965","2.978","2.928","-0.24%"
"Dec 07, 2015","2.965","3.021","3.037","2.931","-1.82%"
"Dec 06, 2015","3.020","3.012","3.020","3.012","0.26%"
"Dec 04, 2015","3.012","3.044","3.114","2.998","-1.60%"
"Dec 03, 2015","3.061","2.909","3.084","2.906","5.30%"
"Dec 02, 2015","2.907","2.913","2.938","2.901","0.14%"
"Dec 01, 2015","2.903","2.979","3.005","2.902","-2.39%"
"Nov 30, 2015","2.974","2.994","3.014","2.971","-0.76%"
"Nov 29, 2015","2.997","2.998","3.001","2.992","-0.04%"
"Nov 27, 2015","2.998","2.994","3.003","2.971","0.17%"
"Nov 26, 2015","2.993","2.994","2.994","2.987","-0.04%"
"Nov 25, 2015","2.994","3.011","3.011","2.979","-0.37%"
"Nov 24, 2015","3.005","2.998","3.016","2.969","0.20%"
"Nov 23, 2015","2.999","3.020","3.048","2.991","-0.77%"
"Nov 22, 2015","3.022","3.022","3.022","3.022","0.00%"
"Nov 20, 2015","3.022","3.015","3.026","2.994","0.50%"
"Nov 19, 2015","3.007","3.045","3.046","2.988","-1.18%"
"Nov 18, 2015","3.043","3.058","3.077","3.033","-0.36%"
"Nov 17, 2015","3.054","3.066","3.104","3.033","-0.33%"
"Nov 16, 2015","3.064","3.036","3.080","3.030","0.85%"
"Nov 15, 2015","3.038","3.037","3.044","3.036","-0.61%"
"Nov 13, 2015","3.057","3.089","3.089","3.045","-1.16%"
"Nov 12, 2015","3.093","3.120","3.133","3.076","-0.87%"
"Nov 11, 2015","3.120","3.120","3.121","3.120","0.36%"
"Nov 10, 2015","3.109","3.108","3.122","3.081","-0.16%"
"Nov 09, 2015","3.114","3.089","3.139","3.082","0.82%"
"Nov 08, 2015","3.089","3.089","3.091","3.087","0.08%"
"Nov 06, 2015","3.086","3.003","3.099","2.983","2.80%"
"Nov 05, 2015","3.002","2.992","3.029","2.984","0.33%"
"Nov 04, 2015","2.992","2.993","3.011","2.971","-0.20%"
"Nov 03, 2015","2.998","2.941","3.007","2.933","1.77%"
"Nov 02, 2015","2.946","2.915","2.964","2.909","1.12%"
"Nov 01, 2015","2.914","2.916","2.946","2.912","-0.39%"
"Oct 30, 2015","2.925","2.957","2.969","2.922","-1.28%"
"Oct 29, 2015","2.963","2.872","2.970","2.858","2.95%"
"Oct 28, 2015","2.878","2.865","2.902","2.850","0.70%"
"Oct 27, 2015","2.858","2.865","2.866","2.828","-0.35%"
"Oct 26, 2015","2.868","2.897","2.898","2.855","-1.00%"
"Oct 25, 2015","2.897","2.898","2.920","2.896","-0.07%"
"Oct 23, 2015","2.899","2.867","2.929","2.851","1.26%"
"Oct 22, 2015","2.863","2.862","2.898","2.834","-0.17%"
"Oct 21, 2015","2.868","2.908","2.988","2.859","-1.54%"
"Oct 20, 2015","2.913","2.883","2.930","2.871","1.15%"
"Oct 19, 2015","2.880","2.876","2.914","2.866","0.13%"
"Oct 18, 2015","2.876","2.884","2.885","2.875","-0.26%"
"Oct 16, 2015","2.884","2.876","2.886","2.848","0.66%"
"Oct 15, 2015","2.865","2.836","2.875","2.834","1.09%"
"Oct 14, 2015","2.834","2.886","2.891","2.833","-1.63%"
"Oct 13, 2015","2.881","2.895","2.914","2.865","-0.47%"
"Oct 12, 2015","2.895","2.894","2.897","2.893","-0.94%"
"Oct 09, 2015","2.922","2.934","2.970","2.915","-0.51%"
"Oct 08, 2015","2.937","2.901","2.964","2.864","1.52%"
"Oct 07, 2015","2.893","2.873","2.923","2.872","0.73%"
"Oct 06, 2015","2.872","2.893","2.921","2.868","-0.93%"
"Oct 05, 2015","2.899","2.820","2.906","2.813","2.73%"
"Oct 04, 2015","2.822","2.824","2.824","2.820","-0.06%"
"Oct 03, 2015","2.824","2.824","2.824","2.824","0.00%"
"Oct 02, 2015","2.824","2.857","2.871","2.749","-1.02%"
"Oct 01, 2015","2.853","2.855","2.887","2.819","-0.04%"
"Sep 30, 2015","2.854","2.860","2.906","2.852","-0.14%"
"Sep 29, 2015","2.858","2.879","2.906","2.841","-0.66%"
"Sep 28, 2015","2.877","2.950","2.963","2.864","-2.47%"
"Sep 27, 2015","2.950","2.960","2.960","2.948","-0.34%"
"Sep 25, 2015","2.960","2.920","2.978","2.908","1.47%"
"Sep 24, 2015","2.917","2.939","2.951","2.865","-0.95%"
"Sep 23, 2015","2.945","2.935","2.984","2.932","0.07%"
"Sep 22, 2015","2.943","3.013","3.014","2.919","-2.42%"
"Sep 21, 2015","3.016","2.946","3.040","2.944","2.79%"
"Sep 20, 2015","2.934","2.934","2.934","2.934","0.00%"
"Sep 18, 2015","2.934","3.009","3.010","2.927","-2.49%"
"Sep 17, 2015","3.009","3.082","3.085","3.005","-2.46%"
"Sep 16, 2015","3.085","3.058","3.092","3.035","0.46%"
"Sep 15, 2015","3.071","2.956","3.072","2.932","3.93%"
"Sep 14, 2015","2.955","2.960","2.964","2.923","-0.21%"
"Sep 13, 2015","2.961","2.956","2.962","2.955","0.31%"
"Sep 11, 2015","2.952","2.985","2.989","2.922","-1.24%"
"Sep 10, 2015","2.989","2.951","2.997","2.944","1.18%"
"Sep 09, 2015","2.954","2.957","3.038","2.936","-0.17%"
"Sep 08, 2015","2.959","2.908","2.980","2.887","1.84%"
"Sep 07, 2015","2.906","2.901","2.908","2.901","0.47%"
"Sep 04, 2015","2.892","2.941","2.943","2.878","-1.53%"
"Sep 03, 2015","2.937","2.951","2.978","2.925","-0.58%"
"Sep 02, 2015","2.954","2.922","2.969","2.901","1.20%"
"Sep 01, 2015","2.919","2.955","2.964","2.893","-1.39%"
"Aug 31, 2015","2.960","2.907","2.965","2.861","1.79%"
"Aug 30, 2015","2.908","2.910","2.912","2.906","-0.07%"
"Aug 28, 2015","2.910","2.932","2.936","2.865","-0.65%"
"Aug 27, 2015","2.929","2.927","2.951","2.877","-0.20%"
"Aug 26, 2015","2.935","2.793","2.960","2.788","4.52%"
"Aug 25, 2015","2.808","2.741","2.859","2.735","2.74%"
"Aug 24, 2015","2.733","2.726","2.760","2.624","0.25%"
"Aug 23, 2015","2.726","2.730","2.732","2.724","-0.35%"
"Aug 21, 2015","2.736","2.749","2.773","2.720","-0.33%"
"Aug 20, 2015","2.745","2.818","2.822","2.743","-2.52%"
"Aug 19, 2015","2.816","2.858","2.892","2.800","-1.40%"
"Aug 18, 2015","2.856","2.818","2.870","2.795","1.28%"
"Aug 17, 2015","2.820","2.838","2.842","2.792","-0.60%"
"Aug 16, 2015","2.837","2.835","2.837","2.834","-0.28%"
"Aug 14, 2015","2.845","2.855","2.877","2.821","-0.42%"
"Aug 13, 2015","2.857","2.837","2.880","2.818","0.67%"
"Aug 12, 2015","2.838","2.817","2.841","2.725","1.00%"
"Aug 11, 2015","2.810","2.898","2.899","2.789","-3.00%"
"Aug 10, 2015","2.897","2.828","2.909","2.828","2.46%"
"Aug 09, 2015","2.828","2.822","2.828","2.822","0.19%"
"Aug 07, 2015","2.822","2.897","2.931","2.818","-2.62%"
"Aug 06, 2015","2.898","2.944","2.958","2.888","-1.50%"
"Aug 05, 2015","2.942","2.904","2.963","2.894","1.52%"
"Aug 04, 2015","2.898","2.847","2.905","2.846","1.54%"
"Aug 03, 2015","2.854","2.919","2.924","2.845","-2.19%"
"Aug 02, 2015","2.918","2.916","2.920","2.916","0.30%"
"Jul 31, 2015","2.909","2.939","2.963","2.895","-1.16%"
"Jul 30, 2015","2.943","3.004","3.028","2.937","-1.93%"
"Jul 29, 2015","3.001","2.967","3.030","2.961","1.28%"
"Jul 28, 2015","2.963","2.940","2.984","2.934","1.20%"
"Jul 27, 2015","2.928","2.959","2.965","2.913","-1.06%"
"Jul 26, 2015","2.959","2.962","2.962","2.959","-0.02%"
"Jul 24, 2015","2.960","2.974","2.984","2.950","-0.30%"
"Jul 23, 2015","2.969","3.040","3.052","2.967","-2.50%"
"Jul 22, 2015","3.045","3.066","3.076","3.026","-0.72%"
"Jul 21, 2015","3.067","3.096","3.139","3.063","-1.26%"
"Jul 20, 2015","3.106","3.090","3.120","3.066","0.83%"
"Jul 19, 2015","3.080","3.080","3.080","3.080","0.00%"
"Jul 18, 2015","3.080","3.080","3.080","3.080","0.00%"
"Jul 17, 2015","3.080","3.114","3.121","3.071","-1.09%"
"Jul 16, 2015","3.114","3.152","3.172","3.102","-0.89%"
"Jul 15, 2015","3.142","3.188","3.218","3.129","-1.57%"
"Jul 14, 2015","3.192","3.228","3.231","3.187","-1.08%"
"Jul 13, 2015","3.227","3.180","3.250","3.165","1.46%"
"Jul 12, 2015","3.181","3.178","3.182","3.178","-0.35%"
"Jul 10, 2015","3.192","3.152","3.211","3.133","2.44%"
"Jul 09, 2015","3.116","2.981","3.123","2.962","4.60%"
"Jul 08, 2015","2.979","3.036","3.036","2.962","-1.85%"
"Jul 07, 2015","3.035","3.088","3.108","2.982","-1.68%"
"Jul 06, 2015","3.087","3.088","3.142","3.068","0.00%"
"Jul 05, 2015","3.087","3.190","3.190","3.082","-3.24%"
"Jul 02, 2015","3.190","3.209","3.250","3.162","-0.53%"
"Jul 01, 2015","3.207","3.134","3.217","3.114","2.82%"
"Jun 30, 2015","3.119","3.097","3.138","3.072","0.58%"
"Jun 29, 2015","3.101","3.093","3.178","3.074","0.22%"
"Jun 28, 2015","3.094","3.096","3.104","3.094","-4.56%"
"Jun 26, 2015","3.242","3.166","3.256","3.160","2.05%"
"Jun 25, 2015","3.177","3.142","3.190","3.142","0.79%"
"Jun 24, 2015","3.152","3.188","3.192","3.143","-1.65%"
"Jun 23, 2015","3.205","3.163","3.221","3.148","1.36%"
"Jun 22, 2015","3.162","3.073","3.171","3.066","2.87%"
"Jun 21, 2015","3.074","3.049","3.083","3.049","0.81%"
"Jun 19, 2015","3.049","3.121","3.124","3.046","-2.59%"
"Jun 18, 2015","3.130","3.081","3.160","3.040","1.10%"
"Jun 17, 2015","3.096","3.045","3.140","3.035","1.81%"
"Jun 16, 2015","3.041","3.086","3.099","3.040","-1.52%"
"Jun 15, 2015","3.088","3.062","3.110","3.038","0.84%"
"Jun 14, 2015","3.062","3.070","3.070","3.062","-1.28%"
"Jun 12, 2015","3.102","3.101","3.119","3.045","0.19%"
"Jun 11, 2015","3.096","3.211","3.227","3.095","-3.73%"
"Jun 10, 2015","3.216","3.161","3.227","3.161","1.36%"
"Jun 09, 2015","3.173","3.114","3.183","3.084","1.89%"
"Jun 08, 2015","3.114","3.119","3.122","3.083","-0.14%"
"Jun 07, 2015","3.118","3.115","3.123","3.115","0.11%"
"Jun 05, 2015","3.115","3.044","3.136","3.043","2.37%"
"Jun 04, 2015","3.043","3.098","3.159","3.027","-1.84%"
"Jun 03, 2015","3.100","3.011","3.128","3.006","2.79%"
"Jun 02, 2015","3.016","2.944","3.032","2.928","2.76%"
"Jun 01, 2015","2.935","2.888","2.959","2.864","1.63%"
"May 31, 2015","2.888","2.920","2.920","2.887","0.19%"
"May 30, 2015","2.883","2.883","2.883","2.883","0.00%"
"May 29, 2015","2.883","2.888","2.891","2.842","-0.10%"
"May 28, 2015","2.886","2.876","2.900","2.856","0.63%"
"May 27, 2015","2.868","2.908","2.928","2.864","-1.17%"
"May 26, 2015","2.902","2.971","2.975","2.883","-2.37%"
"May 25, 2015","2.972","2.986","2.986","2.970","-0.46%"
"May 22, 2015","2.986","2.991","3.011","2.953","-0.17%"
"May 21, 2015","2.991","3.045","3.054","2.973","-2.19%"
"May 20, 2015","3.058","3.066","3.088","3.030","-0.52%"
"May 19, 2015","3.074","3.027","3.092","2.976","1.45%"
"May 18, 2015","3.030","2.943","3.035","2.929","2.95%"
"May 17, 2015","2.943","2.955","2.955","2.942","0.28%"
"May 15, 2015","2.935","3.033","3.033","2.914","-3.96%"
"May 14, 2015","3.056","3.082","3.100","3.031","-0.94%"
"May 13, 2015","3.085","3.022","3.092","2.958","2.49%"
"May 12, 2015","3.010","3.039","3.128","2.988","-1.34%"
"May 11, 2015","3.051","2.889","3.054","2.878","5.57%"
"May 10, 2015","2.890","2.897","2.905","2.889","-0.21%"
"May 08, 2015","2.896","2.901","2.932","2.853","-0.38%"
"May 07, 2015","2.907","2.990","3.038","2.893","-3.29%"
"May 06, 2015","3.006","2.912","3.009","2.908","3.37%"
"May 05, 2015","2.908","2.878","2.934","2.848","1.04%"
"May 04, 2015","2.878","2.838","2.885","2.804","1.85%"
"May 03, 2015","2.826","2.826","2.826","2.826","0.00%"
"May 01, 2015","2.826","2.751","2.840","2.747","2.99%"
"Apr 30, 2015","2.744","2.747","2.813","2.733","-0.58%"
"Apr 29, 2015","2.760","2.688","2.792","2.684","2.07%"
"Apr 28, 2015","2.704","2.615","2.709","2.604","3.32%"
"Apr 27, 2015","2.617","2.608","2.643","2.595","0.34%"
"Apr 26, 2015","2.608","2.614","2.614","2.608","-0.22%"
"Apr 24, 2015","2.614","2.650","2.666","2.598","-1.28%"
"Apr 23, 2015","2.648","2.661","2.676","2.621","-0.64%"
"Apr 22, 2015","2.665","2.578","2.679","2.560","3.13%"
"Apr 21, 2015","2.584","2.560","2.592","2.535","1.10%"
"Apr 20, 2015","2.556","2.526","2.577","2.509","1.18%"
"Apr 19, 2015","2.526","2.546","2.546","2.524","0.32%"
"Apr 17, 2015","2.518","2.576","2.594","2.501","-2.33%"
"Apr 16, 2015","2.578","2.543","2.597","2.522","1.50%"
"Apr 15, 2015","2.540","2.537","2.571","2.518","-0.12%"
"Apr 14, 2015","2.543","2.575","2.578","2.493","-1.24%"
"Apr 13, 2015","2.575","2.584","2.621","2.565","-0.36%"
"Apr 12, 2015","2.584","2.584","2.586","2.582","0.00%"
"Apr 10, 2015","2.584","2.598","2.603","2.551","-0.54%"
"Apr 09, 2015","2.598","2.527","2.607","2.504","2.69%"
"Apr 08, 2015","2.530","2.519","2.564","2.506","0.40%"
"Apr 07, 2015","2.520","2.556","2.572","2.516","-1.45%"
"Apr 06, 2015","2.557","2.528","2.575","2.445","2.74%"
"Apr 05, 2015","2.489","2.491","2.505","2.488","0.03%"
"Apr 03, 2015","2.488","2.528","2.569","2.445","-1.85%"
"Apr 02, 2015","2.535","2.464","2.537","2.441","2.80%"
"Apr 01, 2015","2.466","2.542","2.559","2.457","-2.91%"
"Mar 31, 2015","2.540","2.553","2.574","2.529","-0.47%"
"Mar 30, 2015","2.552","2.535","2.567","2.528","0.63%"
"Mar 29, 2015","2.536","2.536","2.538","2.534","0.04%"
"Mar 27, 2015","2.535","2.590","2.593","2.523","-2.01%"
"Mar 26, 2015","2.587","2.509","2.604","2.474","3.19%"
"Mar 25, 2015","2.507","2.468","2.514","2.444","1.66%"
"Mar 24, 2015","2.466","2.518","2.522","2.458","-1.71%"
"Mar 23, 2015","2.509","2.501","2.526","2.495","0.27%"
"Mar 22, 2015","2.502","2.504","2.504","2.502","-0.19%"
"Mar 20, 2015","2.507","2.525","2.537","2.497","-0.83%"
"Mar 19, 2015","2.528","2.506","2.555","2.496","0.76%"
"Mar 18, 2015","2.509","2.607","2.634","2.500","-3.76%"
"Mar 17, 2015","2.607","2.652","2.654","2.600","-1.47%"
"Mar 16, 2015","2.646","2.689","2.690","2.644","-1.64%"
"Mar 15, 2015","2.690","2.691","2.692","2.688","-0.37%"
"Mar 13, 2015","2.700","2.697","2.731","2.672","0.22%"
"Mar 12, 2015","2.694","2.678","2.708","2.634","0.34%"
"Mar 11, 2015","2.685","2.718","2.745","2.674","-0.85%"
"Mar 10, 2015","2.708","2.805","2.809","2.706","-3.15%"
"Mar 09, 2015","2.796","2.849","2.859","2.787","-1.86%"
"Mar 08, 2015","2.849","2.845","2.851","2.845","0.14%"
"Mar 06, 2015","2.845","2.732","2.870","2.707","4.37%"
"Mar 05, 2015","2.726","2.713","2.749","2.699","0.22%"
"Mar 04, 2015","2.720","2.717","2.736","2.689","0.11%"
"Mar 03, 2015","2.717","2.683","2.724","2.676","1.15%"
"Mar 02, 2015","2.686","2.600","2.701","2.593","3.24%"
"Mar 01, 2015","2.602","2.593","2.620","2.593","0.34%"
"Feb 27, 2015","2.593","2.622","2.649","2.590","-1.48%"
"Feb 26, 2015","2.632","2.574","2.639","2.533","2.33%"
"Feb 25, 2015","2.572","2.599","2.610","2.555","-0.46%"
"Feb 24, 2015","2.584","2.670","2.695","2.580","-2.78%"
"Feb 23, 2015","2.658","2.717","2.745","2.649","-2.21%"
"Feb 22, 2015","2.718","2.718","2.728","2.717","0.00%"
"Feb 20, 2015","2.718","2.744","2.747","2.658","-0.84%"
"Feb 19, 2015","2.741","2.711","2.744","2.677","0.92%"
"Feb 18, 2015","2.716","2.727","2.746","2.671","-0.62%"
"Feb 17, 2015","2.733","2.638","2.747","2.610","3.58%"
"Feb 16, 2015","2.639","2.638","2.642","2.635","-0.32%"
"Feb 13, 2015","2.647","2.576","2.655","2.564","2.68%"
"Feb 12, 2015","2.578","2.576","2.628","2.520","-0.39%"
"Feb 11, 2015","2.588","2.572","2.609","2.553","0.23%"
"Feb 10, 2015","2.582","2.549","2.596","2.541","1.25%"
"Feb 09, 2015","2.550","2.513","2.563","2.464","1.38%"
"Feb 08, 2015","2.515","2.531","2.533","2.512","-0.62%"
"Feb 06, 2015","2.531","2.433","2.540","2.409","4.20%"
"Feb 05, 2015","2.429","2.341","2.435","2.322","3.76%"
"Feb 04, 2015","2.341","2.376","2.440","2.336","-1.93%"
"Feb 03, 2015","2.387","2.259","2.394","2.251","5.76%"
"Feb 02, 2015","2.257","2.231","2.291","2.230","1.15%"
"Feb 01, 2015","2.231","2.223","2.240","2.223","0.38%"
"Jan 30, 2015","2.223","2.324","2.327","2.221","-4.14%"
"Jan 29, 2015","2.319","2.299","2.347","2.282","1.35%"
"Jan 28, 2015","2.288","2.397","2.408","2.273","-4.63%"
"Jan 27, 2015","2.399","2.403","2.409","2.328","0.04%"
"Jan 26, 2015","2.398","2.355","2.412","2.336","1.82%"
"Jan 25, 2015","2.355","2.354","2.373","2.351","-0.41%"
"Jan 23, 2015","2.365","2.451","2.455","2.361","-3.23%"
"Jan 22, 2015","2.444","2.462","2.552","2.403","-0.89%"
"Jan 21, 2015","2.466","2.386","2.467","2.350","3.66%"
"Jan 20, 2015","2.379","2.426","2.448","2.370","-1.95%"
"Jan 19, 2015","2.426","2.436","2.438","2.424","-0.81%"
"Jan 16, 2015","2.446","2.374","2.457","2.350","3.34%"
"Jan 15, 2015","2.367","2.472","2.501","2.354","-4.01%"
"Jan 14, 2015","2.466","2.503","2.503","2.395","-1.44%"
"Jan 13, 2015","2.502","2.499","2.531","2.461","0.28%"
"Jan 12, 2015","2.495","2.545","2.566","2.483","-1.45%"
"Jan 11, 2015","2.532","2.532","2.532","2.532","0.00%"
"Jan 09, 2015","2.532","2.598","2.622","2.528","-2.58%"
"Jan 08, 2015","2.599","2.537","2.605","2.528","2.65%"
"Jan 07, 2015","2.532","2.507","2.572","2.495","1.32%"
"Jan 06, 2015","2.499","2.608","2.608","2.471","-4.00%"
"Jan 05, 2015","2.603","2.679","2.702","2.592","-2.79%"
"Jan 04, 2015","2.678","2.680","2.685","2.678","-0.42%"
"Jan 02, 2015","2.689","2.776","2.786","2.677","-2.18%"